Domain,Name,Phone,Email
zurpapparel.com,"Contact Privacy Inc. Customer 7151571251",+1.4165385487,https://domains.google.com/contactregistrant?domain=zurpapparel.com
xn--evinebaktr-5ub.com,"Contact Privacy Inc. Customer 7151571251",+1.4165385487,https://domains.google.com/contactregistrant?domain=xn--evinebaktr-5ub.com
standingwithsean.com,"Contact Privacy Inc. Customer 7151571251",+1.4165385487,https://domains.google.com/contactregistrant?domain=standingwithsean.com
miyabimarketing.com,"Contact Privacy Inc. Customer 7151571251",+1.4165385487,https://domains.google.com/contactregistrant?domain=miyabimarketing.com
joecamilodesigns.com,"Contact Privacy Inc. Customer 7151571251",+1.4165385487,https://domains.google.com/contactregistrant?domain=joecamilodesigns.com
entretejidosycortezas.company,"Contact Privacy Inc. Customer 0166498536",+1.4165385457,entretejidosycortezas.company@contactprivacy.com
droptheshade.com,"Contact Privacy Inc. Customer 7151571251",+1.4165385487,https://domains.google.com/contactregistrant?domain=droptheshade.com
double-dazzle.com,"Contact Privacy Inc. Customer 7151571251",+1.4165385487,https://domains.google.com/contactregistrant?domain=double-dazzle.com
brandonecoffeemy.com,"Contact Privacy Inc. Customer 0166504992",+1.4165385457,brandonecoffeemy.com@contactprivacy.com
babyecustoms.com,"Contact Privacy Inc. Customer 0166504996",+1.4165385457,babyecustoms.com@contactprivacy.com
akiramorquecho.com,"Contact Privacy Inc. Customer 7151571251",+1.4165385487,https://domains.google.com/contactregistrant?domain=akiramorquecho.com
alghareef.com,"Contact Privacy Inc. Customer 7151571251",+1.4165385487,https://domains.google.com/contactregistrant?domain=alghareef.com
zephyrmnl.com,"Contact Privacy Inc. Customer 0166504909",+1.4165385457,zephyrmnl.com@contactprivacy.com
thekidrack.com,"Contact Privacy Inc. Customer 0166504880",+1.4165385457,thekidrack.com@contactprivacy.com
beefurniture55.com,"Contact Privacy Inc. Customer 0166504899",+1.4165385457,beefurniture55.com@contactprivacy.com
storerule.com,"Contact Privacy Inc. Customer 0166504922",+1.4165385457,storerule.com@contactprivacy.com
prymori.com,"Contact Privacy Inc. Customer 7151571251",+1.4165385487,https://domains.google.com/contactregistrant?domain=prymori.com
j-off.com,"Contact Privacy Inc. Customer 0166504925",+1.4165385457,j-off.com@contactprivacy.com
